x	y	y_ci	num_efms
1	0.09548944	0.000424618783730151	20
2	0.13914488	0.00118316704544718	41
3	0.13873541	0.000988415777496763	182
4	0.19897235	0.000881180493910706	438
5	0.17863608	0.00079440587216057	289
6	0.29063764	0.00128209657033499	2478
7	0.27631517	0.00135492195797546	6860
8	0.47201096	0.00113286561640866	28695
9	0.4478026	0.00199406490306244	34883
10	0.86163318	0.00219933446245964	87207
11	1.03431796	0.00332328133187579	108868
