efms	julia
20.0	0.00220114146
41.0	0.0010353894700000001
182.0	0.006987753280000001
438.0	0.07823561344
289.0	0.023722544430000003
2478.0	4.266152770084507
6860.0	17.09588173713889
