efms	matlab
20.0	0.09548944
41.0	0.13914488
182.0	0.13873541
438.0	0.19897235
289.0	0.17863608
2478.0	0.29063764
6860.0	0.27631517
28695.0	0.47201096
34883.0	0.4478026
87207.0	0.86163318
108868.0	1.03431796
