efms	matlab
20.0	0.09596541945999999
41.0	0.1397728442
182.0	0.14038192825
438.0	0.20278239446
289.0	0.18106237555000002
2478.0	0.31373512256999997
6860.0	0.32987363600999997
28695.0	0.70030947041
34883.0	0.72765182309
87207.0	1.66647965519
108868.0	2.0385432857900003
