efms	julia
20.0	0.00295422567
41.0	0.00680333189
175.0	0.10962003220000001
423.0	6.006279946272727
279.0	1.0231668548800001
1900.0	346.6005682455
