efms	julia
20.0	0.00166875321
41.0	0.0008386364
182.0	0.006347926340000001
438.0	0.06804532437000001
289.0	0.020442715210000004
2478.0	2.78349783624
