efms	julia
20.0	0.0018047082600000002
41.0	0.00089052234
182.0	0.006320992290000001
438.0	0.06909382971
289.0	0.02146664502
2478.0	2.44128634977
