efms	matlab
1.3010299956639813	-1.0178852340773523
1.6127838567197355	-0.8545771974006381
2.2600713879850747	-0.8526887965257193
2.6414741105040997	-0.6929697530900586
2.4608978427565478	-0.7421717859566398
3.3941013020400446	-0.503436859419901
3.8363241157067516	-0.4816523925265133
4.457806229082977	-0.15471000057048032
4.542613827964055	-0.13807637821692192
4.940551346622464	0.22180001605076308
5.036900244625536	0.3093199375591625
