efms	matlab
20.0	0.09548944
41.0	0.13914488
175.0	0.13873541
423.0	0.19897235
279.0	0.17863608
1900.0	0.29063764
3650.0	0.27631517
13122.0	0.47201096
11538.0	0.4478026
28178.0	0.86163318
27897.0	1.03431796
