efms	julia
1.3010299956639813	-2.657352045895881
1.6127838567197355	-2.984896256143953
2.2600713879850747	-2.1556624372646844
2.6414741105040997	-1.106595507814122
2.4608978427565478	-1.6248387313008283
3.3941013020400446	0.6300364033911284
3.8363241157067516	1.2328915048809987
